1,捕鱼达人2,单机,益智休闲,2D,完全免费,经典,捕鱼,街机,积分,关卡,卡牌,玩家对战,2014/6/11 6:46
2,神庙逃亡2,单机,益智休闲,2D,完全免费,跑酷,经典,关卡,街机,积分,重力感应,收集,2014/6/11 6:46
3,保卫萝卜2,单机,益智休闲,2D,完全免费,经典,关卡,塔防,武器强化,养成,收集,卡通,2014/6/11 6:46
4,愤怒的小鸟,单机,角色扮演,2D,完全免费,关卡,经典,小鸟,Rovio,收集,养成,回合制,2014/6/11 6:46
5,NBA 2K14,单机,体育竞技,3D,完全免费,篮球,玩家对战,养成,HD高清,经典,大作,2014/6/11 6:46
6,开心消消乐,单机,益智休闲,2D,完全免费,Q版,卡通,三消游戏,积分排名,收集,养成,腾讯游戏,社交,2014/6/11 6:46
7,三国志无双战,单机,角色扮演,3D,完全免费,三国,经典,街机,闯关,2014/6/11 6:46
8,熊出没之熊大快跑,单机,益智休闲,3D,完全免费,跑酷,影视改编,关卡,动漫,卡通,2014/6/11 6:46
9,鳄鱼小顽皮爱洗澡,单机,益智休闲,2D,完全免费,经典,迪士尼,关卡,物理游戏,收集,卡通,2014/6/11 6:46
10,植物大战僵尸,单机,益智休闲,2D,完全免费,经典,关卡,僵尸,塔防,养成,收集,阵型布局,2014/6/11 6:46
11,水果忍者,单机,益智休闲,2D,完全免费,经典,关卡,街机,切水果,减压,2014/6/11 6:46
12,史上最牛的游戏2,单机,益智休闲,2D,完全免费,卡通,关卡,搞怪,街机,S级通关,玩家对战,反应力，重力感应,2014/6/11 6:46
13,割绳子2,单机,益智休闲,2D,完全免费,经典,卡通,关卡,游道易,物理游戏,2014/6/11 6:46
14,空中打击,单机,弹幕射击,2D,完全免费,经典,HD高清,雷电,飞机,关卡,弹幕射击,2014/6/11 6:46
15,生化危机4,单机,角色扮演,2D,完全免费,经典,关卡,HD高清,僵尸,大作,2014/6/11 6:46
16,超凡蜘蛛侠2,单机,角色扮演,3D,完全免费,影视改编,Gameloft,大作,经典,闯关,格斗,2014/6/11 6:46
17,现代战争4,射击游戏,3D,单机,完全免费,HD高清,大作,玩家对战,经典,Gameloft,战争,第一人称射击,2014/6/11 6:46
18,三剑之舞,动作,2D,单机,完全免费,经典,Com2uS,关卡,格斗,闯关,2014/6/11 6:46
19,侠盗猎车手：圣安地列斯,动作,3D,单机,完全免费,经典,大作,沙盒游戏,2014/6/11 6:46
20,极品飞车17,竞速,3D,单机,完全免费,EA,经典,大作,赛车,重力感应,玩家对战,沙盒游戏,汽车改装,HD高清,2014/6/11 6:46
21,孤胆车神：维加斯,动作,3D,单机,完全免费,Gameloft,经典,大作,HD高清,沙盒游戏,侠盗飞车,剧情,关卡,2014/6/11 6:46
22,神偷奶爸：小黄人快跑,单机,益智休闲,3D,完全免费,影视改编,Gameloft,闯关,跑酷,影视主角,2014/6/11 6:46
23,狂野飚车8,单机,3D,完全免费,竞速,经典,赛车,重力感应,大作,Gameloft,HD高清,玩家对战,2014/6/11 6:46
24,背刺,单机,3D,完全免费,动作,Gameloft,经典,大作,HD高清,闯关,剧情任务,沙盒游戏,2014/6/11 6:46
25,狂野之血,单机,3D,完全免费,动作,Gameloft,经典,大作,玩家对战,HD高清,2014/6/11 6:46
26,三国群英传,单机,2D,完全免费,策略,三国,经典关卡,塔防,2014/6/11 6:46
27,真实赛车3,单机,3D,完全免费,竞速,经典,赛车,重力感应,大作,EA,HD高清,关卡,直线加速赛,2014/6/11 6:46
28,小小指挥官2,单机,3D,完全免费,策略,塔防,关卡,玩家对战,经典,武器强化,2014/6/11 6:46
29,激流快艇,单机,3D,完全免费,竞速,玩家对战,经典,积分排名,摩托艇,重力感应,2014/6/11 6:46
30,雷神2,单机,3D,完全免费,动作,Gameloft,大作,影视改编,HD高清,玩家对战,关卡,2014/6/11 6:46
31,前线突击队,射击游戏,单机,3D,完全免费,枪战,大作,经典,玩家对战,Glu,HD高清,关卡,第三人称射击,2014/6/11 6:46
32,六发左轮,射击游戏,单机,3D,完全免费,Gameloft,经典,大作,玩家对战,HD高清,沙盒游戏,第三人称射击,2014/6/11 6:46
33,忍者跳跃,动作,单机,2D,完全免费,忍者,攀爬跑酷,减压,2014/6/11 6:46
34,近地轨道防御3,射击游戏,单机,3D,完全免费,Gameloft,HD高清,经典,大作,玩家对战,关卡,第一人称射击,2014/6/11 6:46
35,命运英雄传 ,角色扮演,单机,3D,完全免费,Glu,大作,经典,玩家对战,2014/6/11 6:46
36,都市赛车5,竞速,3D,单机,完全免费,Gameloft,经典,大作,赛车,重力感应,玩家对战,HD高清,2014/6/11 6:46
37,GT赛车2,竞速,3D,单机,完全免费,Gameloft,经典,大作,赛车,重力感应,玩家对战,HD高清,真实赛车,2014/6/11 6:46
38,百战天虫2,策略,3D,单机,完全免费,玩家对战,卡通,关卡,2014/6/11 6:46
39,桥梁构造者,益智休闲,2D,单机,完全免费,关卡,建筑搭建,物理游戏,积分,智力开发,2014/6/11 6:46
40,窒息隧道,益智休闲,2D,单机,完全免费,关卡,反应力,减压,隧道穿越,2014/6/11 6:46
41,使命召唤,射击游戏游戏,3D,单机,完全免费,大作,经典,玩家对战,HD高清,枪战,暴雪,第一人称射击,2014/6/11 6:46
42,蝙蝠侠：黑暗骑士崛起,动作,3D,单机,完全免费,大作,经典,HD高清,Gameloft,影视改编,剧情任务,格斗,2014/6/11 6:46
43,神庙逃亡：勇敢的心,单机,益智休闲,2D,完全免费,跑酷,经典,关卡,街机,积分排名,重力感应,影视改编,2014/6/11 6:46
44,拳皇2012,单机,动作格斗,2D,完全免费,拳皇,玩家对战,街机,专属特技,八神,格斗,2014/6/11 6:46
45,勇者斗恶龙8,单机,角色扮演,3D,完全免费,卡通,动漫,经典,HD高清,2014/6/11 6:46
46,疯狂外星人,单机,益智休闲,2D,完全免费,Q版,闯关,汽车跑酷,街机,减压,2014/6/11 6:46
47,老爸曾是小偷,单机,益智休闲,2D,完全免费,Q版,闯关,跑酷,街机,减压,2014/6/11 6:46
48,崩溃地带,单机,益智休闲,2D,完全免费,卡通,HD高清,关卡,重力感应,街机,物理游戏,2014/6/11 6:46
49,我的世界,单机,策略经营,3D,完全免费,经典,大作,沙盒游戏,像素,建筑搭建,HD高清,艺术创作,2014/6/11 6:46
50,实况足球2012,单机,体育竞技,3D,完全免费,足球,经典,大作,玩家对战,HD高清,2014/6/11 6:46
51,纪念碑谷,单机,益智休闲,2D,完全免费,卡通,HD高清,迷宫,解谜,关卡,2014/6/11 6:46
52,永恒战士2,单机,角色扮演,3D,完全免费,Glu,大作,经典,玩家对战,收集,武器强化,闯关,HD高清,2014/6/11 6:46
53,里约热内卢：圣徒之城,单机,动作,3D,完全免费,Gameloft,经典,大作,沙盒游戏,侠盗猎手,剧情任务,HD高清,重力感应,2014/6/11 6:46
54,最终幻想6,单机,角色扮演,3D,完全免费,经典,大作,动漫,剧情任务,HD高清,关卡,2014/6/11 6:46
55,混沌之戒2,单机,角色扮演,3D,完全免费,经典,大作,HD高清,剧情任务,闯关,2014/6/11 6:46
56,超级救火队2,单机,益智休闲,3D,完全免费,卡通,关卡,消防游戏,物理游戏,HD高清,2014/6/11 6:46
57,搏击长空,单机,飞行模拟,3D,完全免费,重力感应,大作,经典,飞机,剧情任务,HD高清,2014/6/11 6:46
58,街头霸王4,单机,动作格斗,3D,完全免费,玩家对战,经典,大作,街机,拳皇,HD高清,格斗,2014/6/11 6:46
59,粘粘世界,单机,益智休闲,3D,完全免费,物理游戏,经典,卡通,粘连游戏,关卡,建筑搭建,玩家对战,2014/6/11 6:46
60,直升机空战,单机,飞行模拟,3D,完全免费,玩家对战,飞机,剧情任务,HD高清,2014/6/11 6:46
61,开心农场2,单机,策略经营,3D,完全免费,模拟经营,养成,社交,收集,HD高清,2014/6/11 6:46
62,Cytus音乐节奏,单机,益智休闲,2D,完全免费,动漫,音乐游戏,HD高清,积分排名,音符击打,2014/6/11 6:46
63,速度与激情6,竞速,3D,单机,完全免费,经典,大作,赛车,重力感应,玩家对战,影视改编,汽车改装,HD高清,直线加速赛,2014/6/11 6:46
64,FIFA 14,单机,体育竞技,3D,完全免费,EA,足球,经典,大作,玩家对战,HD高清,养成,2014/6/11 6:46
65,植物大作战,单机,策略,3D,完全免费,僵尸,养成,社交,关卡,塔防,Q版,玩家对战,解谜,2014/6/11 6:46
66,号角,单机,动作,3D,完全免费,大作,HD高清,沙盒游戏,闯关,格斗,2014/6/11 6:46
67,印第安探险,单机,益智休闲,3D,完全免费,跑酷,闯关,HD高清,反应力,2014/6/11 6:46
68,异形大战,单机,射击游戏,3D,完全免费,僵尸,影视改编,重口味,闯关,HD高清,2014/6/11 6:46
69,小鸟爆破,单机,益智休闲,2D,完全免费,小鸟,三消游戏,Q版,社交,积分排名,经典,消除游戏,2014/6/11 6:46
70,异形2,单机,策略,2D,完全免费,HD高清,大作,Chillingo,闯关,塔防,2014/6/11 6:46
71,星际战争,单机,射击游戏,2D,完全免费,玩家对战,HD高清,关卡,建筑升级,社交,第三人称射击,2014/6/11 6:46
72,狂野之血,单机,动作,3D,完全免费,Gameloft,玩家对战,经典,大作,HD高清,关卡,2014/6/11 6:46
73,光明之神,单机,益智休闲,3D,完全免费,物理游戏,HD高清,解谜,关卡,光线连接,收集,2014/6/11 6:46
74,地牢猎人3,单机,动作,3D,完全免费,Gameloft,经典,大作,关卡,HD高清,玩家对战,角色成长,2014/6/11 6:46
75,监狱脱出少女,单机,冒险解谜,2D,完全免费,解谜,恐怖,闯关,生死逃脱,2014/6/11 6:46
76,玩具塔防4,单机,策略经营,2D,完全免费,塔防,关卡,Q版,建筑升级,阵型布局,武器强化,2014/6/11 6:46
77,音速出击,单机,益智休闲,2D,完全免费,动漫,音乐游戏,HD高清,积分排名,音符击打,2014/6/11 6:46
78,僵尸之林,单机,射击游戏,3D,完全免费,僵尸,Gameloft,卡通,闯关,HD高清,武器强化,第三人称射击,2014/6/11 6:46
79,符文大师,单机,益智休闲,2D,完全免费,三消游戏,经典,积分排名,关卡,消除游戏,8方抵消,2014/6/11 6:46
80,消灭星星,单机,益智休闲,2D,完全免费,三消游戏,经典,积分排名,关卡,2014/6/11 6:46
81,F18舰载机模拟起降,单机,飞行模拟,3D,完全免费,飞机,起降训练,HD高清,剧情任务,2014/6/11 6:46
82,小三传奇,单机,益智休闲,2D,完全免费,经典,数字合并,16方格,积分排名,2014/6/11 6:46
83,2048,单机,益智休闲,2D,完全免费,经典,数字合并,16方格,积分排名,2014/6/11 6:46
84,炮艇战：3D直升机,单机,飞行模拟,3D,完全免费,飞机改装,HD高清,剧情任务,拟实海战,2014/6/11 6:46
85,死亡空间,单机,射击游戏,3D,完全免费,EA,经典,重口味,恐怖,HD高清,闯关,大作,武器收集,剧情任务,影视改编,2014/6/11 6:46
86,地狱之剑,单机,角色扮演,2D,完全免费,阵容搭配,角色成长,关卡,副本,经典,2014/6/11 6:46
87,美国队长2,单机,射击游戏,2D,完全免费,影视改编,玩家对战,武器强化,Gameloft,闯关,大作,2014/6/11 6:46
88,瘟疫公司,单机,策略经营,2D,完全免费,经典,大作,病毒传播,关卡,剧情任务,2014/6/11 6:46
89,忍者海盗混战,单机,射击游戏,3D,完全免费,Q版,忍者,闯关,武器强化,HD高清,积分排名,收集,第三人称射击,2014/6/11 6:46
90,行尸走肉,单机,动作,3D,完全免费,僵尸,重口味,经典,大作,HD高清,影视改编,解谜,闯关,2014/6/11 6:46
91,拳皇97,单机,动作格斗,3D,完全免费,拳皇,玩家对战,街机,专属特技,八神,格斗,2014/6/11 6:46
92,王国保卫战,单机,策略,3D,完全免费,卡通,塔防,建筑升级,天赋技能,经典,2014/6/11 6:46
93,艾诺迪亚4,单机,角色扮演,3D,完全免费,经典,Com2uS,关卡,大作,剧情任务,收集,2014/6/11 6:46
94,雷神2：暗黑世界,单机,动作,3D,完全免费,Gameloft,大作,影视改编,HD高清,关卡,玩家对战,2014/6/11 6:46
95,不义联盟：人间之神,单机,动作格斗,3D,完全免费,大作,HD高清,玩家对战,影视主角,3V3对战,街机,格斗,2014/6/11 6:46
96,雷曼：竞速嘉年华,单机,冒险解谜,2D,完全免费,跑酷,闯关,HD高清,动漫,Ubisoft,2014/6/11 6:46
97,极品飞车17：最高通缉,单机,3D,完全免费,竞速,经典,赛车,重力感应,大作,EA,关卡,HD高清,2014/6/11 6:46
98,阿尔龙：剑影,单机,3D,完全免费,角色扮演,收集,魔兽世界,养成,剧情任务,经典,大作,HD高清,2014/6/11 6:46
99,坚守阵地2,单机,2D,完全免费,策略,塔防,关卡,Q版,建筑升级,阵型布局,武器强化,HD高清,解谜,2014/6/11 6:46
100,坦克大战,单机,3D,完全免费,射击游戏,坦克,玩家对战,HD高清,激光大战,关卡,第三人称射击,2014/6/11 6:46
101,泽诺尼亚5,单机,2D,完全免费,角色扮演,经典,玩家对战,Q版,剧情任务,闯关,阵容搭配,2014/6/11 6:46
102,和风物语,单机,2D,完全免费,策略经营,城市建设,建筑升级,雇佣好友,HD高清,Q版,经典,2014/6/11 6:46
103,武士2复仇,单机,3D,完全免费,角色扮演,动漫,武士刀,闯关,HD高清,强击打感,2014/6/11 6:46
104,半条命2,单机,3D,完全免费,射击游戏,大作,经典,重力感应,重口味,物理游戏,HD高清,僵尸,第一人称射击,2014/6/11 6:46
105,宝石迷阵4闪电战,单机,2D,完全免费,益智休闲,三消游戏,关卡,积分,经典,玩家对战,HD高清,消除游戏,2014/6/11 6:46
106,武士大战僵尸2,单机,2D,完全免费,动作,Glu,僵尸,武士刀,武器强化,闯关,Q版,玩家对战,2014/6/11 6:46
107,枪火兄弟连2,单机,2D,完全免费,射击游戏,Glu,闯关,卡通,武器强化,玩家对战,僵尸,第三人称射击,2014/6/11 6:46
108,VR网球,单机,3D,完全免费,体育竞技,经典,大作,玩家对战,模拟生涯,网球,HD高清,2014/6/11 6:46
109,弹弓赛车,单机,2D,完全免费,竞技,赛车,Q版,关卡,离心力过弯,物理游戏,HD高清,过弯加速,2014/6/11 6:46
110,机械迷城,单机,2D,完全免费,冒险解谜,解谜,经典,大作,关卡,PC手游,HD高清,机器人,水墨风,2014/6/11 6:46
111,小怪兽求包养2,单机,2D,完全免费,益智休闲,Q版,闯关,收集,物理游戏,地心引力,2014/6/11 6:46
112,地铁跑酷,单机,益智休闲,2D,完全免费,关卡,经典,跑酷,积分排名,收集,2014/6/11 6:46
113,劲爆棒球,单机,完全免费,2D,体育竞技,Com2uS,Q版,棒球,经典,HD高清,2014/6/11 6:46
114,捣蛋猪,单机,益智休闲,2D,完全免费,Rovio,物理游戏,经典,关卡,道具搭建,收集,2014/6/11 6:46
115,猪猪历险记,单机,益智休闲,2D,完全免费,重力感应,闯关,积分排名,三人组队,2014/6/11 6:46
116,亡灵杀手,单机,益智休闲,2D,完全免费,闯关,HD高清,强击打感,武器强化,养成,卡通,动漫,关卡,经典,2014/6/11 6:46
117,迷你英雄,单机,3D,完全免费,射击游戏,僵尸,武器强化,闯关,Q版,玩家对战,第三人称射击,2014/6/11 6:46
118,热血与荣耀:传奇,单机,3D,完全免费,动作格斗,Glu,大作,经典,罗马斗士,HD高清,格斗,2014/6/11 6:46
119,不再犹豫,单机,3D,完全免费,弹幕射击,经典,大作,雷电,闯关,飞机,HD高清,弹幕射击,2014/6/11 6:46
120,怪物射击,单机,2D,完全免费,射击游戏,Q版,僵尸,闯关,武器强化,第三人称射击,2014/6/11 6:46
121,无尽深渊,单机,2D,完全免费,弹幕射击,经典,雷电,闯关,飞机,HD高清,Chillingo,重力感应,弹幕射击,2014/6/11 6:46
122,101个游戏合集,单机,2D,完全免费,益智休闲,街机,HD高清,小游戏合集,2014/6/11 6:46
123,雷电2012,单机,3D,完全免费,弹幕射击,经典,雷电,闯关,飞机,HD高清,重力感应,战机强化,积分排名,弹幕射击,2014/6/11 6:46
124,像素公路,单机,3D,完全免费,益智休闲,经典,像素,闯关,汽车改造,2014/6/11 6:46
125,职业杀手：僵尸之城2,单机,3D,完全免费,射击游戏,Glu,经典,大作,僵尸,重口味,闯关,第三人称射击,2014/6/11 6:46
126,疯兔大爆炸,单机,3D,完全免费,益智休闲,物理游戏,关卡,Ubisoft,道具,地心引力,2014/6/11 6:46
127,冒险迷宫村 ,单机,2D,完全免费,策略经营,开罗游戏,经典,像素,城镇建设,收集,武器强化,闯关,2014/6/11 6:46
128,天朝教育委员会2,单机,2D,完全免费,益智休闲,搞笑,知识竞猜,投骰子,看图填词,收集,卡通,经典,关卡,2014/6/11 6:46
129,地牢猎人4,角色扮演,单机,3D,完全免费,大作,经典,玩家对战,Gameloft,养成,关卡,2014/6/11 6:46
130,魂斗罗：进化革命,单机,2D,完全免费,射击游戏,经典,魂斗罗,闯关,HD高清,街机,第三人称射击,2014/6/11 6:46
131,合金弹头,单机,2D,完全免费,射击游戏,经典,闯关,HD高清,第三人称射击,街机,2014/6/11 6:46
132,滑雪大冒险,单机,益智休闲,2D,完全免费,积分,滑雪,道具,经典,闯关,2014/6/11 6:46
133,乐动魔方,单机,益智休闲,2D,完全免费,16方格,音乐游戏,积分排名,感应力,动漫,街机,2014/6/11 6:46
134,DJMAX RAY,单机,益智休闲,2D,完全免费,4格键,音乐游戏,积分,感应力,动漫,2014/6/11 6:46
135,糖果粉碎传奇,单机,益智休闲,2D,完全免费,关卡,经典,三消游戏,Q版,道具,积分排名,消除游戏,2014/6/11 6:46
136,笨拙的忍者,单机,养成,3D,完全免费,物理游戏,人机互动,忍者,社交,搞笑,Q版,养成,2014/6/11 6:46
137,树叶精灵,单机,冒险解谜,2D,完全免费,收集,养成,闯关,卡通,风向调试,经典,解谜,2014/6/11 6:46
138,音速小子索尼克4,单机,益智休闲,3D,完全免费,经典,闯关,收集,加速度,物理游戏,跑酷,街机,卡通,2014/6/11 6:46
139,迷你冲撞,单机,冒险解谜,2D,完全免费,街机,闯关,收集,Q版,HD高清,感应力,2014/6/11 6:46
140,僵尸世界大战,单机,射击游戏,3D,完全免费,影视改编,重口味,僵尸,恐怖,武器强化,剧情任务,社交,大作,经典,第一人称射击,2014/6/11 6:46
141,雷霆赛车2,单机,竞速,3D,完全免费,玩家对战,赛车,重力感应,关卡,2014/6/11 6:46
142,一起高尔夫3,单机,完全免费,3D,体育竞技,Gameloft,HD高清,高尔夫球,大作,经典,玩家对战,社交,2014/6/11 6:46
143,龙珠：掌上战斗,单机,完全免费,2D,动作格斗,动漫,七龙珠,街机,专属特技,拳皇,关卡,格斗,2014/6/11 6:46
144,爸爸去哪儿2,单机,完全免费,2D,益智休闲,影视改编,跑酷,积分排名,养成,收集,卡通,专属特技,2014/6/11 6:46
145,多克罗,单机,完全免费,2D,冒险解谜,解谜,卡通,闯关,2014/6/11 6:46
146,暗影之枪,单机,完全免费,2D,射击游戏,经典,大作,HD高清,剧情任务,闯关,玩家对战,第三人称射击,2014/6/11 6:46
147,黑暗旅行,单机,完全免费,2D,益智休闲,卡通,闯关,Chillingo,HD高清,物理游戏,2014/6/11 6:46
148,大天使,单机,完全免费,3D,动作,闯关,收集,大作,经典,HD高清,强击打感,2014/6/11 6:46
149,破碎大陆,单机,完全免费,2D,益智休闲,卡通,闯关,HD高清,物理游戏,玩家对战,2014/6/11 6:46
150,果冻防御,单机,完全免费,3D,策略,Q版,关卡,塔防,建造升级,积分排名,2014/6/11 6:46
151,涂鸦跳跃,单机,完全免费,2D,益智休闲,经典,积分排名,向上跳跃,关卡,火箭加速,重力感应,2014/6/11 6:46
152,虚拟城市游乐场,单机,完全免费,3D,策略经营,G5,经典,大作,城镇建设,养成,沙盒游戏,2014/6/11 6:46
153,小小部队,单机,完全免费,3D,射击游戏,闯关,三人组队,Q版,武器强化,剧情任务,第三人称射击,同屏多控,2014/6/11 6:46
154,机器人科迪2,单机,完全免费,3D,冒险解谜,闯关,Q版,跑酷,收集,经典,HD高清,2014/6/11 6:46
155,非常跑酷,单机,完全免费,2D,益智休闲,跑酷,闯关,HD高清卡通,收集,道具升级,2014/6/11 6:46
156,鲨鱼向前冲,单机,完全免费,2D,益智休闲,Gameloft,关卡,物理游戏,弹幕弹射,收集,HD高清,2014/6/11 6:46
157,疼痛之旅,单机,完全免费,2D,冒险解谜,闯关,迷宫,卡通,HD高清,Chinllingo,2014/6/11 6:46
158,俄罗斯方块,单机,完全免费,2D,益智休闲,EA,经典,消除游戏,积分排名,HD高清,2014/6/11 6:46
159,一个都不能死,单机,完全免费,2D,益智休闲,火柴人,闯关,感应力,同屏PK,跑酷,2014/6/11 6:46
160,二战雄鹰 ,单机,完全免费,2D,弹幕射击,雷电,关卡,街机,积分排名,经典,HD高清,飞机,弹幕射击,2014/6/11 6:46
161,傲气雄鹰2014,单机,弹幕射击,2D,完全免费,经典,雷电,关卡,飞机强化,社交,玩家对战,养成,弹幕射击,2014/6/11 6:46
162,找你妹2014,单机,益智休闲,2D,完全免费,经典,卡通,关卡,找茬,社交,收集,玩家对战,HD高清,2014/6/11 6:46
163,会说话的汤姆猫2,单机,策略经营,3D,完全免费,物理游戏,人机互动,忍者,社交,搞笑,Q版,声音复读,养成,2014/6/11 6:46
164,像素鸟,单机,益智休闲,2D,完全免费,闯关,小鸟,Q版,像素,物理游戏,2014/6/11 6:46
165,忍者突袭,单机,益智休闲,2D,完全免费,忍者,跑酷,闯关,卡通,涂鸦,2014/6/11 6:46
166,孤侠魅影,单机,冒险解谜,3D,完全免费,Gameloft,经典,大作,闯关,收集,解谜,HD高清,2014/6/11 6:46
167,超级火柴人高尔夫2,单机,体育竞技,2D,完全免费,高尔夫,关卡,HD高清,玩家对战,火柴人,物理游戏,2014/6/11 6:46
168,屠龙者,单机,动作格斗,3D,完全免费,Glu,大作,经典,强击打感,动漫,格斗,2014/6/11 6:46
169,铁拳拳击,单机,动作格斗,3D,完全免费,重口味,擂台,拳王,卡通,关卡,格斗,2014/6/11 6:46
170,浴火银河2,单机,策略经营,3D,完全免费,飞船大战,经典,阵型布局,剧情任务,HD高清,2014/6/11 6:46
171,兄弟连2,单机,射击游戏,3D,完全免费,玩家对战,Gameloft,大作,经典,HD高清,剧情任务,闯关,第一人称射击,2014/6/11 6:46
172,质量效应:渗透者,单机,射击游戏,3D,完全免费,EA,重力感应,大作,经典,HD高清,剧情任务,闯关,第三人称射击,2014/6/11 6:46
173,口袋世界,单机,角色扮演,3D,完全免费,HD高清,副本,闯关,武器强化,2014/6/11 6:46
174,暗黑复仇者,单机,角色扮演,3D,完全免费,玩家对战,武器强化,闯关,3v3对战,玩家排名,HD高清,强击打感,副本,半自动攻击,2014/6/11 6:46
175,攻城大师 ,单机,策略,3D,完全免费,Q版,HD高清,武器强化,攻守城池,三国志,关卡,2014/6/11 6:46
176,超级兄弟,单机,冒险解谜,2D,完全免费,经典,大作,像素,闯关,解谜,2014/6/11 6:46
177,别踩白块儿2,单机,益智休闲,2D,完全免费,开罗游戏,经典,像素,黑白方格,音乐游戏,街机,2014/6/11 6:46
178,宫爆老奶奶,单机,益智休闲,2D,完全免费,重力感应,关卡,HD高清,卡通,社交,专属特技,2014/6/11 6:46
179,CSR赛车,单机,3D,完全免费,竞速,赛车,汽车改装,大作,HD高清,经典,直线加速赛,玩家对战,2014/6/11 6:46
180,摩托英雄,单机,2D,完全免费,竞速,赛车,Q版,闯关,物理游戏,HD高清,汽车改装,2014/6/11 6:46
181,百变英雄2,单机,2D,完全免费,射击游戏,Q版,闯关,像素,魂斗罗,经典,街机,第三人称射击,2014/6/11 6:46
182,神鬼战士,单机,3D,完全免费,动作,大作,武器强化,闯关,强击打感,生死逃脱,2014/6/11 6:46
183,反恐精英,单机,3D,完全免费,射击游戏,经典,CS,玩家对战,第一人称射击,2014/6/11 6:46
184,攻城大战,单机,3D,完全免费,策略,塔防,关卡,Q版,城堡攻击,HD高清,武器强化,物理游戏,玩家对战,2014/6/11 6:46
185,汉密尔顿的大冒险,单机,3D,完全免费,冒险解谜, 解谜,闯关,HD高清,收集,大作,2014/6/11 6:46
186,模拟人生,单机,3D,完全免费,策略经营,EA,经典,大作,HD高清,养成,收集,2014/6/11 6:46
187,画个火柴人,单机,2D,完全免费,冒险解谜,火柴人,闯关,动漫,解谜,画画,卡通,2014/6/11 6:46
188,坠落的星星,单机,2D,完全免费,益智休闲,卡通,经典,积分,关卡,点击消除,物理游戏,Q版,2014/6/11 6:46
189,无尽之剑,单机,3D,完全免费,角色扮演,经典,大作,玩家对战,社交,剧情任务,武器强化,2014/6/11 6:46
190,冰雪奇缘,单机,2D,完全免费,益智休闲,影视改编,消除游戏,关卡,三消游戏,解谜,Disney,积分排名,2014/6/11 6:46
191,角斗士,单机,3D,完全免费,动作格斗,经典,大作,格斗,重口味,HD高清,玩家对战,2014/6/11 6:46
192,变形金刚4:绝迹重生,单机,3D,完全免费,动作格斗,跑酷,闯关,HD高清,影视改编,2014/6/11 6:46
193,生存战争,单机,3D,完全免费,益智休闲,沙盒游戏,城镇建设,玩家对战,艺术创作,像素游戏,经典,社交,2014/6/11 6:46
194,疯狂喷气机,单机,2D,完全免费,益智休闲,闯关,跑酷,剧情任务,积分排名,弹幕控制,连招击打,2014/6/11 6:46
195,被尘封的故事,单机,2D,完全免费,益智休闲,像素游戏,城镇建设,艺术创作,剧情任务,角色成长,2014/6/11 6:46
196,爱养成2,单机,2D,完全免费,策略经营,养成,经典,动漫,模拟经营,收集,HD高清,卡通,2014/6/11 6:46
197,奇幻射击,单机,3D,完全免费,射击游戏,Q版,HD高清,第三人称射击,关卡,养成,2014/6/11 6:46
198,燃烧的蔬菜2,单机,2D,完全免费,益智休闲,关卡,Q版,塔防,角色成长,消除游戏,2014/6/11 6:46
199,部落战争COC,网游,2D,即时,道具收费,策略经营,塔防,玩家对战,HD高清,Q版,建筑升级,阵型布局,资源抢夺,部落对战,社交,战斗不可操控,经典,2014/6/11 6:46
200,海岛奇兵,网游,2D,即时,道具收费,益智休闲,Q版,塔防,玩家对战,建筑升级,HD高清,阵型布局,资源掠夺,岛屿争夺,经典,战斗可操控,2014/6/11 6:46
201,全民英雄,网游,3D,即时,策略经营,道具收费,Dota,经典,卡牌,收集,养成,装备合成,阵容搭配,副本,闯关,副本,HD高清,Q版,Gnak系统,战斗不可操控,腾讯游戏,2014/6/11 6:46
202,刀塔传奇,网游,3D,即时,策略经营,道具收费,Dota,经典，卡牌,收集，养成,装备合成,阵容搭配,战斗不可操控,闯关,副本,HD高清,Q版,玩家对战,2014/6/11 6:46
203,大掌门,网游,3D,即时,策略经营,道具收费,Q版,卡牌,玩家对战,社交,剧情任务,养成,角色成长,2014/6/11 6:46
204,超级英雄,网游,2D,回合制,道具收费,角色扮演,Q版,卡牌,关卡,动漫,玩家对战,阵容搭配,养成,影视主角,2014/6/11 6:46
205,死亡扳机2,网游,3D,即时,道具收费,射击游戏,第一人称射击,僵尸,玩家对战,重口味,闯关,经典,大作,关卡,剧情任务,HD高清,强操控感,武器强化,2014/6/11 6:46
206,时空猎人,网游,2D,即时,道具收费,动作格斗,DNF,强击打感,卡牌,养成,推塔,拳皇对决,街机,格斗,副本,玩家对战,闯关,职业转换,经典,大作,HD高清,2014/6/11 6:46
207,战地：红色警戒,网游,2D,即时,道具收费,策略经营,红色警戒,建筑升级,阵型布局,塔防,玩家对战,HD高清,经典,2014/6/11 6:46
208,三国杀ol,网游,2D,即时,道具收费,益智休闲,经典,三国,玩家对战,社交,桌游,棋牌,剿灭反贼,卡牌,勾心斗角,卡牌,2014/6/11 6:46
209,忘仙OL,网游,3D,即时,道具收费,角色扮演,玩家对战,养成,HD高清,Q版,社交,婚姻结义,剧情任务,经典,大作,2014/6/11 6:46
210,神魔大陆,网游,3D,即时,道具收费,角色扮演,完美世界,HD高清,经典,大作,武器强化,养成,玩家对战,剧情任务,社交,2014/6/11 6:46
211,神雕侠侣,网游,2D,回合制,道具收费,角色扮演,完美世界,HD高清,经典,大作,阵容搭配,玩家对战,剧情任务,套装打造,副本,养成,收集,社交,神雕侠侣,2014/6/11 6:46
212,逆天仙魔录,网游,3D,半回合制,道具收费,角色扮演,养成,社交,玩家对战,诛仙,武器强化,神奇利器,剧情任务,跨服对战,摇钱树,经典,卡通,大作,2014/6/11 6:46
213,混沌与秩序ol,网游,3D,即时,道具收费,角色扮演,经典,大作,HD高清,社交,养成,玩家对战,剧情任务,Gameloft,武器强化,魔兽世界,副本,收集,强操控感,2014/6/11 6:46
214,混沌与秩序之英雄战歌,网游,3D,即时,道具收费,角色扮演, 经典,大作,HD高清,Gameloft,Dota,玩家对战,剧情任务,强操控感,攻防基地,加点出装,moba竞技,2014/6/11 6:46
215,混沌与秩序对决,网游,3D,即时,道具收费,卡牌游戏,卡牌,玩家对战,闯关,Gameloft,经典,剧情任务,社交,卡片合成,2014/6/11 6:46
216,放开那三国,网游,2D,回合制,道具收费,策略经营,三国,卡牌,收集,关卡,Q版,玩家对战,副本,阵容搭配,社交,养成,2014/6/11 6:46
217,跑跑卡丁车,网游,3D,即时,道具收费,竞速游戏,经典,大作,HD高清,Q版,玩家对战,卡丁车,赛车,漂移加速,地图挑战,跑跑卡丁车,闯关,2014/6/11 6:46
218,天天飞车,网游,3D,即时,道具收费,竞速游戏,赛车,腾讯游戏,闯关,积分排名,收集,社交,养成,汽车升级,角色升级,玩家对战,2014/6/11 6:46
219,冒险小镇,网游,2.5D,即时,道具收费,策略经营,养成,Q版,建造升级,城镇建设,玩家对战,剧情任务,模拟经营,2014/6/11 6:46
220,万智牌2014,网游,3D,即时,道具收费,卡牌游戏,卡牌,玩家对战,集换式卡牌,经典,大作,解谜,关卡,棋牌,HD高清,2014/6/11 6:46
221,闪电突击队,网游,3D,即时,道具收费,射击游戏,Gameloft,玩家对战,第一人称射击,卡通,剧情任务,HD高清,大作,2014/6/11 6:46
222,节奏大师,网游,2D,即时,道具收费,益智休闲,音乐游戏,玩家对战,腾讯游戏,闯关,社交,积分排名,4格键,卡通,2014/6/11 6:46
223,DJMAX RAY,网游,2D,即时,道具收费,益智休闲,音乐游戏,玩家对战,闯关,4格键,卡通,经典,2014/6/11 6:46
224,我叫MT Online,网游,2D,即时,道具收费,益智休闲,动漫,经典,卡牌,关卡,Q版,魔兽世界,副本,养成,收集,阵容搭配,社交,玩家对战,2014/6/11 6:46
225,天天酷跑,网游,2D,益智休闲,即时,道具收费,跑酷,腾讯游戏,积分排名,收集,养成,社交，经典,2014/6/11 6:46
226,天天爱消除,网游,2D,即时,道具收费,益智休闲,Q版,闯关,经典,腾讯游戏,三消游戏,社交,养成,2014/6/11 6:46
227,欢乐斗地主,网游,2D,即时,道具收费,益智休闲,三人扑克,玩家对战,腾讯游戏,斗地主,社交,棋牌,2014/6/11 6:46
228,造梦西游ol,网游,2D,即时,道具收费,动作格斗,西游,Q版,闯关,强击打感,副本,养成,武器强化,经典,2014/6/11 6:46
229,佣兵天下,网游,2D,即时,道具收费,角色扮演,经典,大作,HD高清,卡通,养成,玩家对战,小说改编,武器强化,副本,社交,剧情任务,2014/6/11 6:46
230,英雄战魂,网游,2D,即时,道具收费,角色扮演,Q版,玩家对战,HD高清,经典,大作,副本,剧情任务,社交,市场交易,2014/6/11 6:46
231,星纪元,网游,2D,即时,道具收费,卡牌游戏,动漫,卡牌,社交,玩家对战,HD高清,剧情任务,卡片合成,经典,2014/6/11 6:46
232,武侠q传,网游,3D,即时,道具收费,卡牌游戏,Q版,卡牌,关卡经典,大作,阵型布局,武侠,副本,武器强化,角色成长,2014/6/11 6:46
233,我是火影,网游,2D,即时,道具收费,卡牌游戏,Q版,动漫,火影,副本,角色成长,忍术合成,城镇建设,卡牌,剧情任务,阵容搭配,究极试练,经典,2014/6/11 6:46
234,王者之剑,网游,2.5D,即时,道具收费,动作格斗,玩家对战,格斗,武器强化,角色成长,HD高清,强操控感,闯关,养成,副本,剧情任务,神器系统,2014/6/11 6:46
235,天天爱西游,网游,2D,即时,道具收费,卡牌游戏,卡牌,强击打感,社交,玩家对战,西游,经典,闯关,副本,Q版,2014/6/11 6:46
236,塔防三国志,网游,2D,即时,道具收费,策略经营,塔防,三国,经典,玩家对战,武器强化,剧情任务,整容搭配,Q版,2014/6/11 6:46
237,世界ol,网游,2D回合制,道具收费,角色扮演,玩家对战,武器强化,经典,Q版,剧情任务,闯关,解谜,2014/6/11 6:46
238,神魔,网游,2D回合制,道具收费,动作格斗,副本,养成,玩家对战,社交,武器强化,经典,大作,强操控感,强击打感,HD高清,2014/6/11 6:46
239,三国来了,网游,2D回合制,道具收费,策略经营,Q版,玩家对战,经典,三国,养成,阵容搭配,养成,武器强化,闯关,社交,剧情任务,收集,2014/6/11 6:46
240,忍者必须死2,网游,2D,即时,道具收费,益智休闲,卡牌,Q版,忍者,关卡,倒挂跑酷,积分排名,水墨风,独门绝技,社交,2014/6/11 6:46
241,忍将,网游,2D,即时,道具收费,卡牌游戏,火影,动漫,养成,卡通,卡牌,副本,武器强化,阵容搭配,忍术合成,角色成长,2014/6/11 6:46
242,啪啪三国,网游,3D,即时,道具收费,卡牌游戏,卡牌,玩家对战,三国,阵容搭配,养成,角色成长,关卡,2014/6/11 6:46
243,魔卡幻想,网游,2D,即时,道具收费,卡牌游戏,卡牌,魔幻,剧情任务,关卡,玩家对战,解谜,收集,阵容搭配,2014/6/11 6:46
244,迷你西游,网游,3D,即时,道具收费,策略经营,西游,Q版,养成,玩家对战,卡牌,副本,收集,网易游戏,大作,经典,2014/6/11 6:46
245,梦想海贼王,网游,3D,即时,道具收费,卡牌游戏,动漫,海贼王,Q版,玩家对战,闯关,武器强化,剧情任务,角色成长,阵容搭配,卡牌,经典,2014/6/11 6:46
246,梦幻西游2,网游,2.5D,回合制,道具收费,卡牌游戏,西游,副本,玩家对战,阵容搭配,交易系统,剧情任务,网易游戏,婚姻结义,2014/6/11 6:46
247,萌江湖,网游,2D,即时,道具收费,卡牌游戏,玩家对战,Q版,剧情任务,卡牌,武器强化,角色成长,副本,阵容搭配,2014/6/11 6:46
248,撸啊撸,网游,2D,即时,道具收费,卡牌游戏,lol,卡牌,玩家对战,关卡,经典,阵容搭配,专属神装,三路对战,天赋系统,推塔,副本,闯关,Q版,2014/6/11 6:46
249,口袋忍者,网游,2D,即时,道具收费,卡牌游戏,火影,动漫,养成,卡通,卡牌,副本,阵容搭配,忍术合成,角色成长,玩家对战,2014/6/11 6:46
250,君王2,网游,2D,即时,道具收费,角色扮演,副本,养成,武器强化,社交,角色成长,玩家对战,HD高清,Q版,养成,2014/6/11 6:46
251,怪物x联盟,网游,2D,即时,道具收费,角色扮演,Q版,玩家对战,养成,关卡,副本,武器强化,收集,2014/6/11 6:46
252,格斗之皇,网游,2D,即时,道具收费,动作格斗,格斗,闯关,养成,街机,强击打感,社交,副本,2014/6/11 6:46
253,格斗江湖,网游,2D,即时,道具收费,动作格斗,武侠,闯关,强击打感,水墨风,街机,剧情任务,玩家对战,副本,角色成长,2014/6/11 6:46
254,城堡争霸,网游,3D,即时,道具收费,动作格斗,塔防,Q版,腾讯游戏,关卡,养成,社交,建筑升级,2014/6/11 6:46
255,苍穹之剑,网游,3D,即时,道具收费,角色扮演,玩家对着,HD高清,武器强化,副本,强操控感,剧情任务,角色成长,2014/6/11 6:46
256,部落守卫战,网游,3D,即时,道具收费,策略经营,塔防,经典,Q版,腾讯游戏,建筑升级,关卡,积分排名,社交,角色成长,2014/6/11 6:46
257,波克斗地主,网游,3D,即时,道具收费,益智休闲,斗地主,经典,玩家对战,社交,棋牌,HD高清,Q版,2014/6/11 6:46
258,百万亚瑟王,网游,3D,即时,道具收费,卡牌游戏,卡牌,角色成长,武器强化,社交,闯关,动漫,卡通,盛大游戏,2014/6/11 6:46
259,傲世西游,网游,2D,回合制,道具收费,策略经营,腾讯游戏,西游,玩家对战,Q版,关卡,阵容搭配,卡牌,收集,养成,2014/6/11 6:46
260,nba梦之队,网游,3D,即时,道具收费,体育竞技,NBA,阵容搭配,明星挑战,球队经营,角色成长,剧情任务,玩家对战,2014/6/11 6:46
261,霸三国,网游,3D,即时,道具收费,策略经营,三国,腾讯游戏,城池建设,建筑升级,玩家对战,关卡,剧情任务,阵容搭配,卡牌,2014/6/11 6:46
262,比武招亲,网游,2D,即时,道具收费,卡牌游戏,剧情任务,Q版,卡牌,武侠,社交,玩家对战,婚姻结义,角色成长,阵容搭配,副本,关卡,2014/6/11 6:46
263,暴走武侠,网游,3D,即时,道具收费,角色扮演,卡牌,卡通,Q版,武器强化,帮派对战,社交,关卡,阵容搭配,副本,2014/6/11 6:46
264,崩坏学园2,网游,3D,即时,道具收费,动作格斗,动漫,闯关,Q版,武器强化,剧情任务,副本,角色成长,2014/6/11 6:46
265,刀剑天下,网游,3D,即时,道具收费,角色扮演,玩家对战,武侠,HD高清,武器强化,角色成长,社交,剧情任务,帮派对战,副本,2014/6/11 6:46
266,赤壁乱舞,网游,3D,即时,道具收费,策略经营,三国,卡牌,腾讯游戏,阵型布局,玩机对战,闯关,养成,塔防,副本,2014/6/11 6:46
267,帝王三国,网游,3D,即时,道具收费,策略经营,三国,攻守城池,城池建设,建筑升级,社交,剧情任务,经典,2014/6/11 6:46
268,叮叮堂,网游,3D,回合制,道具收费,策略经营,第一人称射击,社交,Q版,竞技游戏,养成,关卡,剧情任务,副本,武器强化,2014/6/11 6:46
269,大侠传,网游,2D,即时,道具收费,策略经营,副本,帮派对战,养成,HD高清,经典,剧情任务,2014/6/11 6:46
270,刀塔女神,网游,3D,即时,策略经营,道具收费,Dota,经典，卡牌,收集，养成,装备合成,阵容搭配,战斗不可操控,闯关,副本,HD高清,Q版,玩家对战,女性英雄,角色成长,2014/6/11 6:46
271,东邪西毒,网游,3D,即时,策略经营,道具收费,卡牌,玩家对战,社交,养成,完美世界,武器强化,副本,自动导航,角色成长,2014/6/11 6:46
272,风云天下OL,网游,2D,即时,策略经营,道具收费,阵型布局,阵容搭配,三国,副本,玩家对战,剧情任务,2014/6/11 6:46
273,封印之城,网游,2D,即时,策略经营,道具收费,卡牌,玩家对战,剧情任务,副本,玩家对战,卡通,闯关,角色成长,2014/6/11 6:46
274,怪物大作战,网游,3D,回合制,角色扮演,道具收费,养成,玩家对战,社交,Q版,副本,闯关,腾讯游戏,阵容搭配,角色成长,2014/6/11 6:46
275,搞怪三国,网游,2D,回合制,角色扮演,道具收费,三国,收集,闯关,养成,玩家对战,武器强化,Q版,副本,搞怪,摇骰走棋,2014/6/11 6:46
276,悍将传世,网游,2D,角色扮演,即时,道具收费,玩家对战,副本,武器强化,角色成长,经典,强操控感,2014/6/11 6:46
277,幻想三国,网游,3D,角色扮演,即时,道具收费,副本,剧情任务,市场交易,社交,养成,收集,角色成长,三国,2014/6/11 6:46
278,和风物语,网游,2D,策略经营,即时,道具收费,卡通,社交,养成,模拟经营,城镇建设,建筑升级,积分排名,2014/6/11 6:46
279,幻想英雄,网游,2D,卡牌游戏,即时,道具收费,经典,卡牌,收集,养成,卡牌合成,玩家对战,副本,阵容搭配,角色成长,武器强化,2014/6/11 6:46
280,欢乐麻将,网游,2D,益智休闲,即时,道具收费,棋牌游戏,经典,斗地主,玩家对战,社交,Q版,扑克,积分排名，腾讯游戏,2014/6/11 6:46
281,欢乐西游,网游,2D,益智休闲,即时,道具收费,西游,养成,腾讯游戏,卡牌,Q版,阵容搭配,积分排名,2014/6/11 6:46
282,绝杀2014,网游,2D,体育竞技,即时,道具收费,养成,卡牌,足球,模拟生涯,玩家对战,积分排名,剧情任务,卡通,2014/6/11 6:46
283,开心水族箱,网游,2D,策略经营,即时,道具收费,捕鱼,养成,Q版,玩家对战,社交,收集,模拟经营,2014/6/11 6:46
284,口袋海贼王,网游,2D,策略经营,即时,道具收费,海贼王,动漫,闯关,武器强化,阵容搭配,经典,市场交易,2014/6/11 6:46
285,卡通农场,网游,2D,策略经营,即时,道具收费,卡通,模拟经营,农场,养成,社交,2014/6/11 6:46
286,龙之力量,网游,2D,回合制,角色扮演,道具收费,HD高清,阵型布局,副本,玩家对战,Q版,关卡,角色成长,2014/6/11 6:46
287,龙之逆袭,网游,2D,回合制,益智休闲,道具收费,消除游戏,卡牌,养成,社交,玩家对战,阵容搭配,三消游戏,卡通,角色成长,2014/6/11 6:46
288,猎神OL,网游,3D,即时,角色扮演,道具收费,玩家对战,角色成长,养成,副本,玩家对战,Q版,强操控感,2014/6/11 6:46
289,灵异阴阳录,网游,2D,回合制,策略经营,道具收费,收集,卡牌,阵容搭配,角色成长,武器强化,闯关,2014/6/11 6:46
290,乱斗堂,网游,2D,回合制,角色扮演,道具收费,Q版,格斗,玩家对战,副本,阵容搭配,收集,养成,闯关,2014/6/11 6:46
291,炉石传说,网游,3D,回合制,卡牌游戏,道具收费,大作,经典,暴雪,卡牌,棋牌游戏,魔兽世界,玩家对战,收集,卡牌合成,社交,闯关,HD高清,2014/6/11 6:46
292,乱斗桃园,网游,3D,回合制,策略经营,道具收费,三国,Q版,玩家对战,剧情任务,养成,角色成长,建筑升级,闯关,模拟经营,2014/6/11 6:46
293,炉石三国,网游,3D,即时,策略经营,道具收费,关卡,塔防,三国,Q版,角色成长,阵容搭配,武器强化,2014/6/11 6:46
294,龙珠Z神与神,网游,2D,即时,策略经营,道具收费,七龙珠,动漫,经典,格斗,卡牌,2014/6/11 6:46
295,雷霆战机,网游,2D,即时,益智休闲,道具收费,雷电,腾讯游戏,战机组装,收集,养成,闯关,社交,飞机,积分排名,经典,弹幕射击,2014/6/11 6:46
296,来自仙剑的你,网游,2D,回合制,角色扮演,道具收费,经典,阵容搭配,剧情任务,卡牌,角色成长,闯关,副本,2014/6/11 6:46
297,梦回西游,网游,2D,回合制,角色扮演,道具收费,西游,副本,帮派对战,市场交易,剧情任务,养成,角色成长,Q版,社交,2014/6/11 6:46
298,魔法之歌,网游,3D,即时,卡牌游戏,道具收费,卡牌,副本,阵容搭配,卡牌合成,闯关,剧情任务,HD高清,武器强化,玩家对战,2014/6/11 6:46
299,MT英雄传,网游,2D,即时,道具收费,策略经营,动漫,经典,关卡,Q版,魔兽世界,社交,玩家对战,塔防,角色成长,建筑升级,战斗可操控,资源抢夺,2014/6/11 6:46
300,魔物狩猎者,网游,2D,即时,道具收费,策略经营,玩家对战,卡牌,社交,养成,市场交易,卡通,收集,动漫,剧情任务,2014/6/11 6:46
301,陌陌劲舞团,网游,3D,即时,道具收费,益智休闲,劲舞团,经典,音乐游戏,养成,社交,HD高清,积分排名,陌陌游戏,2014/6/11 6:46
302,陌陌争霸,网游,3D,即时,道具收费,策略经营,资源抢夺,玩家对战,建筑升级,塔防,阵型布局,社交,陌陌游戏,2014/6/11 6:46
303,媚三国,网游,3D,即时,道具收费,角色扮演,卡牌,养成,收集,Q版,推塔游戏,即时战略,玩家对战,城池建设,建筑升级,阵容搭配,HD高清,2014/6/11 6:46
304,魔物学园,网游,3D,即时,道具收费,角色扮演,腾讯游戏,闯关,双轨模式,Q版,养成,收集,社交,角色成长,剧情任务,玩家对战,2014/6/11 6:46
305,魔力宝贝,网游,2D,即时,道具收费,角色扮演,经典,玩家对战,养成,武器强化,剧情任务,完美世界,Q版,2014/6/11 6:46
306,迷你帝国,网游,2D,即时,道具收费,策略经营,资源抢夺,玩家对战,建筑升级,塔防,阵型布局,社交,副本,角色成长,闯关,2014/6/11 6:46
307,逆转三国,网游,2D,即时,道具收费,益智休闲,三国,副本,角色成长,HD高清,消除游戏,玩家对战,养成,社交,2014/6/11 6:46
308,你好英雄,网游,3D,即时,道具收费,角色扮演,角色成长,副本,关卡,阵容搭配,玩家对战,武器强化,养成,社交,收集,Q版,2014/6/11 6:46
309,泡泡姜饼人,网游,3D,即时,道具收费,益智休闲,卡通,闯关,腾讯游戏,消除游戏,积分排名玩家对战,2014/6/11 6:46
310,QQ降龙,网游,2D,即时,道具收费,角色扮演,经典,HD高清,腾讯游戏,玩家对战,剧情任务,副本,社交,帮派对战,养成,2014/6/11 6:46
311,QQ御剑天涯,网游,2D,回合制,道具收费,角色扮演,HD高清,剧情任务,角色成长,社交,养成,腾讯游戏,Q版,帮派对战,副本,2014/6/11 6:46
312,契约2,网游,3D,即时,道具收费,角色扮演,HD高清,角色成长,强击打感,养成,副本,玩家对战,剧情任务,社交,2014/6/11 6:46
313,全民飞机大战,网游,2D,即时,益智休闲,道具收费,雷电,腾讯游戏,闯关,好友合体,收集,养成,积分排名,社交,飞机,经典,弹幕射击,2014/6/11 6:46
314,秦时明月,网游,2D,回合制,策略经营,道具收费,清时明月,闯关,Q版,卡牌,动漫,剧情任务,经典,阵容搭配,缘分系统,2014/6/11 6:46
315,全民斗三国,网游,2D,即时,策略经营,道具收费,腾讯游戏,阵容搭配,三国,关卡,社交,Q版,养成,角色成长,2014/6/11 6:46
316,全民砰砰砰,网游,2D,即时,益智休闲,道具收费,养成,腾讯游戏,玩家对战,社交,积分排名,街机,小游戏合集,消除游戏,Q版,2014/6/11 6:46
317,全民小镇,网游,2D,即时,道具收费,策略经营,腾讯游戏,卡通,社交,城镇建设,抢车位,模拟经营,建筑布局,2014/6/11 6:46
318,全民炫舞,网游,3D,即时,道具收费,益智休闲,音乐游戏,腾讯游戏,社交,玩家对战,服装商城,闯关,积分排名,HD高清,2014/6/11 6:46
319,全民水浒,网游,2D,即时,道具收费,策略经营,腾讯游戏,水浒,卡牌,副本,阵容搭配,收集,Q版,玩家对战,2014/6/11 6:46
320,全民精灵,网游,2D,即时,道具收费,策略经营, 腾讯游戏,养成,模拟经营,Q版,闯关,收集,宠物合成,角色成长,建筑升级,剧情任务,玩家对战,社交,城镇建设,2014/6/11 6:46
321,全民打怪兽,网游,3D,即时,道具收费,策略经营,卡通,闯关,养成,副本,社交,阵容搭配,收集,养成,腾讯游戏,HD高清,玩家对战,2014/6/11 6:46
322,全民格斗,网游,3D,即时,道具收费,动作格斗,街机,闯关,腾讯游戏,格斗,强操控感,收集,养成,社交,剧情任务,玩家对战,2014/6/11 6:46
323,全民防线,网游,3D,即时,道具收费,动作格斗, 腾讯游戏,塔防,Q版,角色成长,武器强化,养成,武器强化,2014/6/11 6:46
324,全民农场,网游,2D,即时,道具收费,策略经营,养成,腾讯游戏,玩家对战,社交,模拟经营,积分排名,卡通,市场交易,建筑升级,2014/6/11 6:46
325,全民切水果,网游,2D,即时,道具收费,益智休闲,腾讯游戏,减压,切水果,玩家对战,社交,养成,武器强化,2014/6/11 6:46
326,全民斩仙,网游,2D,即时,道具收费,角色扮演,腾讯游戏,养成,阵容搭配,剧情任务,社交,副本,角色成长,2014/6/11 6:46
327,上古2,网游,2D,回合制,道具收费,角色扮演,Q版,玩家对战,积分排名,副本,养成,剧情任务,角色成长,2014/6/11 6:46
328,神将传奇,网游,2D,回合制,道具收费,角色扮演,经典,玩家对战,副本,剧情任务,阵容搭配,养成,2014/6/11 6:46
329,石器时代ol,网游,2.5D,回合制,道具收费,角色扮演,养成,副本,婚姻结义,剧情任务,武器强化,玩家对战,Q版,社交,2014/6/11 6:46
330,神魔之塔,网游,2D,即时,道具收费,益智休闲,三消游戏,卡通,关卡,副本,收集,养成,阵容搭配,腾讯游戏,2014/6/11 6:46
331,神女控,网游,3D,即时,道具收费,策略经营,卡牌,城镇建设,建筑升级,卡片合成,玩家对战,2014/6/11 6:46
332,三剑豪,网游,3D,即时,道具收费,角色扮演,养成,玩家对战,关卡,自动导航,副本,角色成长,武器强化,阵容搭配,gank系统,3人同战,战斗天赋,2014/6/11 6:46
333,神鬼幻想,网游,3D,即时,道具收费,角色扮演,完美世界,副本,武器强化,剧情任务,闯关,玩家对战,养成,角色成长,社交,强操控感,HD高清,Q版,2014/6/11 6:46
334,神之刃,网游,2D,即时,道具收费,角色扮演,卡牌,养成,阵容搭配,玩家对战,副本,武器强化,HD高清,2014/6/11 6:46
335,四大萌捕,网游,2D,即时,道具收费,角色扮演,重力感应,战斗跑酷,玩家对战,摇摇玩法,Q版,关卡,阵容搭配,武器强化,2014/6/11 6:46
336,锁链战记,网游,2D,回合制,道具收费,角色扮演,Q版,卡牌,阵容搭配,动漫,剧情任务,武器强化,副本,盛大游戏,2014/6/11 6:46
337,三国战神,网游,3D,即时,道具收费,角色扮演,三国,帮派对战,剧情任务,养成,强击打感,玩家对战,阵容搭配,HD高清,2014/6/11 6:46
338,三国志威力加强版,网游,3D,即时,道具收费,策略经营,三国,卡牌,玩家对战,阵型布局,副本,剧情任务,关卡,角色成长,HD高清,2014/6/11 6:46
339,守护者传说,网游,3D,即时,道具收费,卡牌游戏,动漫,卡牌,城镇建设,副本,关卡,盛大游戏,建筑升级,玩家对战,2014/6/11 6:46
340,实况俱乐部,网游,3D,即时,道具收费,卡牌游戏,收集,养成,卡牌,阵型布局,模拟生涯,闯关,足球,2014/6/11 6:46
341,胜利足球,网游,3D,即时,道具收费,卡牌游戏,收集,养成,卡牌,阵型布局,模拟生涯,闯关,足球,腾讯游戏,副本,玩家对战,2014/6/11 6:46
342,天神传,网游,3D,即时,道具收费,角色扮演,玩家对战,养成,角色成长,收集,社交,副本,剧情任务,HD高清,2014/6/11 6:46
343,天天逆战,网游,2D,即时,道具收费,射击游戏,逆战,CF,腾讯游戏,社交,关卡,第一人称射击,卡通,玩家对战,积分排名,2014/6/11 6:46
344,天天炫斗,网游,2D,即时,道具收费,动作格斗,腾讯游戏,街机,格斗,好友合体,副本,收集,闯关,HD高清,社交,2014/6/11 6:46
345,天龙八部移动版,网游,2D,即时,道具收费,卡牌游戏,天龙八部,影视改编,技能合体,社交,玩家对战,专属特技,阵容搭配,卡牌,2014/6/11 6:46
346,吞月之狼,网游,3D,即时,道具收费,动作格斗,腾讯游戏,强操控感,闯关,街机,强击打感,角色成长,HD高清,副本,社交,2014/6/11 6:46
347,天天富翁,网游,2D,即时,道具收费,益智休闲,腾讯游戏,大富翁,Q版,棋牌游戏,社交,养成,玩家对战,收集,掷骰子,积分排名,2014/6/11 6:46
348,天天德州,网游,2D,即时,道具收费,益智休闲,腾讯游戏,棋牌游戏,扑克,玩家对战,社交,卡通,经典,2014/6/11 6:46
349,天天萌战记,网游,2D,即时,道具收费,角色扮演,腾讯游戏,玩家对战,闯关,塔防,建筑升级,阵型布局,Q版,2014/6/11 6:46
350,我的部落,网游,2D,即时,道具收费,策略经营,塔防,玩家对战,HD高清,Q版,建筑升级,阵型布局,资源抢夺,社交,战斗不可操控，经典,养成,副本,2014/6/11 6:46
351,小小帝国,网游,3D,即时,道具收费,策略经营,社交,阵型布局,塔防,玩家对战,副本,剧情任务,建筑升级,阵容搭配,Q版,2014/6/11 6:46
352,仙变,网游,3D,即时,道具收费,角色扮演,养成,武器强化,帮派对战,副本,社交,玩家对战,阵容搭配,角色成长,养成,2014/6/11 6:46
353,新世界OL,网游,3D,回合制,道具收费,角色扮演,养成,玩家对战,社交,剧情任务,角色成长,副本,2014/6/11 6:46
354,笑傲江湖,网游,3D,即时,道具收费,角色扮演,笑傲江湖,玩家对战,完美世界,小说改编,水墨风,HD高清,剧情任务,关卡,强操控感,2014/6/11 6:46
355,星星塔防,网游,2D,即时,道具收费,益智休闲,塔防,消除游戏,Q版,关卡,建筑升级,社交,养成,腾讯游戏,积分排名,三消游戏,2014/6/11 6:46
356,永生门,网游,2D,回合制,道具收费,角色扮演,养成,社交,玩家对战,婚姻结义,阵容搭配,2014/6/11 6:46
357,一剑灭天,网游,2D,即时,道具收费,角色扮演,副本,养成,剧情任务,阵容搭配,市场交易,武器强化,角色成长,玩家对战,社交,2014/6/11 6:46
358,御龙战记,网游,2D,即时,道具收费,策略经营,玩家对战,消除游戏,养成,三消游戏,闯关,2014/6/11 6:46
359,遇仙ol,网游,2D,即时,道具收费,角色扮演,社交,剧情任务,养成,副本,市场交易,角色成长,2014/6/11 6:46
360,佣兵天下手游,网游,3D,回合制,道具收费,角色扮演,养成,剧情任务,副本,玩家对战,角色成长,阵容搭配,养成,武器强化,闯关,小说改编,战斗不可操控,2014/6/11 6:46
361,勇者前线,网游,2D,即时,道具收费,角色扮演,动漫,卡牌,收集,闯关,角色成长,模拟经营,副本,阵容搭配,社交,卡片合成,2014/6/11 6:46
362,英雄传说手游,网游,3D,即时,道具收费,角色扮演,关卡,副本,格斗,街机,角色成长,2014/6/11 6:46
363,影之刃,网游,2D,即时,道具收费,动作格斗,强击打感,强操控感,水墨风,玩家对战,技能连招,社交,2014/6/11 6:46
364,战谷ol,网游,2D,即时,道具收费,角色扮演,养成,社交,帮派对战,剧情任务,副本,角色成长,关卡,婚姻结义,2014/6/11 6:46
365,指上谈兵,网游,3D,即时,道具收费,角色扮演,卡通,卡牌,玩家对战,养成,角色成长,闯关,三国,武器强化,2014/6/11 6:46
366,植物大战僵尸2腾讯社交版,网游,2D,即时,道具收费,策略经营,腾讯游戏,僵尸,社交,养成,经典,塔防,玩家对战,收集,阵型布局,关卡,Q版,2014/6/11 6:46
367,战争总动员,网游,2D,即时,道具收费,策略经营,塔防,玩家对战,HD高清,Q版,建筑升级,阵型布局,资源抢夺,社交,战斗不可操控，经典,腾讯游戏,好友雇佣,2014/6/11 6:46
368,召唤启示录,网游,2D,即时,道具收费,卡牌游戏,腾讯游戏,卡牌,副本,玩家对战,角色成长,社交,卡片合成,卡通,2014/6/11 6:46
369,众神王座,网游,3D,即时,道具收费,角色扮演,副本,玩家对战,闯关,养成,社交,武器强化,帮派对战,2014/6/11 6:46
370,灭世西游,网游,2D,即时,道具收费,卡牌游戏,西游,阵容搭配,角色成长,卡牌,副本,关卡,Q版,2014/6/11 6:46
371,攻城掠地手机版,网游,2D,即时,道具收费,策略经营,阵容搭配,玩家对战,剧情任务,模拟经营,副本,武器强化,经典,三国,2014/6/11 6:46
372,曹操去哪儿,网游,2D,即时,道具收费,卡牌游戏,Q版,副本,剧情任务,三国,经典,角色成长,武器强化,阵容搭配,搞笑,2014/6/11 6:46
373,黄金圣斗士,网游,2D,即时,道具收费,卡牌游戏,卡牌,动漫,圣斗士,卡通,剧情任务,收集,玩家对战,专属特技,武器强化,2014/6/11 6:46
374,天尊,网游,2D,即时,道具收费,角色扮演,副本,闯关,玩家对战,角色成长,帮派对战,2014/6/11 6:46
375,神域之光,网游,2D,即时,道具收费,角色扮演,玩家对战,养成,Q版,HD高清,副本,角色成长,社交,2014/6/11 6:46
376,仙剑奇缘,网游,2D,即时,道具收费,角色扮演,养成,帮派对战,剧情任务,玩家对战,阵容搭配,角色成长,HD高清,2014/6/11 6:46
377,剑魂之刃,网游,3D,即时,道具收费,角色扮演,武器强化,角色成长,玩家对战,副本,养成,Q版,格斗,闯关,2014/6/11 6:46
378,卧虎藏龙手游,网游,3D,即时,道具收费,角色扮演,养成,剧情任务,角色成长,HD高清,2014/6/11 6:46
379,仙国志,网游,3D,即时,道具收费,角色扮演,养成,剧情任务,副本,玩家对战,帮派对战,市场交易,社交,2014/6/11 6:46
380,天书九卷,网游,3D,回合制,道具收费,角色扮演,玩家对战,社交,剧情任务,关卡,阵容搭配,角色成长,武器强化,2014/6/11 6:46
381,恋舞ol,网游,3D,回合制,道具收费,益智休闲,音乐游戏,社交,玩家对战,婚姻结义，,2014/6/11 6:46
382,暗黑战神,网游,3D,即时,道具收费,角色扮演,魔幻,玩家对战,副本,成长,收集,副本,剧情任务，,2014/6/11 6:46
383,黑暗光年,网游,3D,即时,道具收费,动作格斗,格斗,强操控感,副本,闯关,HD高清,剧情任务,强击打感,街机,角色成长,玩家对战,2014/6/11 6:46
384,真三国快打,网游,2D,即时,道具收费,动作格斗,格斗,武器强化,社交,玩家对战,闯关,三国,副本,阵容搭配,街机,帮派对战,2014/6/11 6:46
385,银河帝国,网游,2D,即时,道具收费,策略经营,模拟经营,战舰建造,自动导航,玩家对战,阵容搭配,经典,大作,HD高清,2014/6/11 6:46
386,愤怒的小鸟英雄传,网游,益智休闲,2D,道具收费,回合制,关卡,经典,小鸟,Rovio,收集,养成,武器强化,2014/6/11 6:46
387,天天爱修仙,网游,益智休闲,2D,道具收费,即时,消除游戏,养成,玩家对战,副本,Q版,社交,武器强化,2014/6/11 6:46
388,玉契OL,网游,角色扮演,3D,道具收费,即时,玩家对战,Q版,社交,关卡,养成,角色成长,经典,大作,副本,剧情任务,强击打感,2014/6/11 6:46
389,九尾妖狐,网游,角色扮演,3D,道具收费,即时,剧情任务,养成,副本,社交,HD高清,玩家对战,积分排名,2014/6/11 6:46
390,天天幻想-穿越三国,网游,角色扮演,3D,道具收费,回合制,玩家对战,社交,街机,卡通,跨服战斗,阵型布局,养成,副本,闯关,HD高清,2014/6/11 6:46
391,创世之战,网游,角色扮演,3D,道具收费,回合制,玩家对战,社交,剧情任务,副本,关卡,HD高清,2014/6/11 6:46
